Name,V,start time,mid time,end time,duration(hours),jd_start,jd_mid,jd_end,el_start,el_mid,el_end,az_start,az_mid,az_end,ha_start,ha_mid,ha_end,coords(J2000),depth(ppt),priority,period(days),period_unc(days),T_0(BJD_TDB),T_0_unc,comments,percent_transit_observable,percent_baseline_observable,obs_start_time,obs_end_time,moon_percent,moon_dist_deg
EPIC 220674823 b,12.1,05/12/2024 19:12,05/12/2024 19:58,05/12/2024 20:43,01:31,10650.3,10650.332,10650.363,58,66,71,118,135,163,-1.9,-1.1,-0.4,00:52:19.21 +10:47:40.94,0.28,1,0.571285,1.01E-05,2457392.297,0.00078,,100,51,19:09,23:06,21,69
KELT-16 b,11.7,05/12/2024 19:11,05/12/2024 20:26,05/12/2024 21:41,02:29,10650.3,10650.351,10650.403,64,48,32,284,287,291,2,3.3,4.5,20:57:04.45 +31:39:39.67,11.5,1,0.96899296,1.00E-07,2458392.598,7.80E-05,,100,11,19:09,21:52,21,54
TOI-4479 b,15.2,05/12/2024 20:01,05/12/2024 20:36,05/12/2024 21:11,01:10,10650.334,10650.358,10650.382,53,46,38,274,277,280,2.7,3.3,3.9,21:04:23.27 +24:39:13.23,3.5,1,1.15890129,7.70E-06,2459797.406,0.001633,,100,65,19:09,21:48,21,48
TOI-6255 b,12.7,05/12/2024 20:29,05/12/2024 20:43,05/12/2024 20:58,00:29,10650.353,10650.363,10650.373,61,58,56,300,299,299,2.2,2.4,2.7,22:06:00.76 +39:17:55.78,0.49,1,0.23818244,1.20E-07,2458738.712,0.00043,,100,100,19:27,21:59,21,65
K2-207 b,13.2,05/12/2024 19:11,05/12/2024 21:20,05/12/2024 23:29,04:18,10650.299,10650.389,10650.478,52,62,45,132,191,239,-1.8,0.3,2.5,00:46:47.92 +00:38:26.23,0.9,1,12.48749,0.001208,2457403.645,0.003892,,100,7,19:09,00:41,21,63
K2-209 b,11.1,05/12/2024 20:37,05/12/2024 21:24,05/12/2024 22:12,01:35,10650.359,10650.392,10650.425,62,63,59,162,187,211,-0.6,0.2,1,00:58:45.68 +01:22:58.11,0.12,1,2.080615,0.000134,2457394.233,0.002694,Duration estimated. ,100,35,19:09,00:55,21,66
K2-85 b,12.4,05/12/2024 21:06,05/12/2024 21:30,05/12/2024 21:55,00:49,10650.379,10650.396,10650.413,47,52,58,93,97,101,-3.1,-2.7,-2.3,03:57:51.56 +18:27:53.82,0.4,1,0.684559,1.00E-05,2457102.333,0.00056,,100,78,19:49,00:09,21,113
TOI-2046 b,11.6,05/12/2024 20:20,05/12/2024 21:33,05/12/2024 22:45,02:25,10650.347,10650.398,10650.448,44,44,43,5,359,352,-1,0.3,1.5,01:04:44.39 +74:19:52.70,16.3,1,1.4971842,3.30E-06,2457792.277,0.0024,,100,100,19:11,23:55,21,105
Qatar-7 b,13.1,05/12/2024 19:54,05/12/2024 21:41,05/12/2024 23:28,03:35,10650.329,10650.403,10650.478,81,68,47,17,299,295,-0.2,1.6,3.4,23:54:03.63 +37:01:18.57,12.3,1,2.03202332,3.30E-07,2458303.42,9.30E-05,,100,87,19:09,00:29,21,74
K2-211 b,13.2,05/12/2024 21:17,05/12/2024 21:56,05/12/2024 22:36,01:19,10650.387,10650.414,10650.442,63,63,60,169,191,210,-0.3,0.3,1,01:24:25.48 +01:42:17.68,0.28,1,0.669532,1.90E-05,2457395.823,0.0016,,100,76,19:09,01:22,21,71
WASP-44 b,13.1,05/12/2024 20:53,05/12/2024 22:00,05/12/2024 23:07,02:14,10650.37,10650.417,10650.463,49,44,34,189,212,229,0.4,1.5,2.7,00:15:36.79 -11:56:17.75,15.6,1,2.42381131,1.30E-07,2458398.698,0.00013,,100,69,19:53,23:31,21,50
WASP-60 b,11.7,05/12/2024 20:33,05/12/2024 22:19,06/12/2024 00:04,03:32,10650.356,10650.43,10650.503,82,60,37,291,284,289,0.6,2.3,4.1,23:46:40.01 +31:09:21.28,6,1,4.3050061,1.50E-06,2458020.074,0.00035,,100,79,19:31,00:40,21,68
HD 3167 b,9,05/12/2024 22:40,05/12/2024 23:28,06/12/2024 00:17,01:37,10650.444,10650.478,10650.511,54,45,35,233,245,254,1.9,2.7,3.5,00:34:57.64 +04:22:50.60,0.29,1,0.95965428,0.0000003,2458269.579,0.00026,,100,68,21:39,00:39,22,61
TOI-1634 b,13.2,05/12/2024 23:08,05/12/2024 23:39,06/12/2024 00:10,01:02,10650.464,10650.485,10650.507,77,81,81,48,24,344,-0.8,-0.3,0.2,03:45:33.75 +37:06:44.21,1.3,1,0.9893436,2.00E-06,2458791.515,0.00053,,100,100,22:03,01:15,22,113
WASP-33 b,8.1,05/12/2024 22:22,05/12/2024 23:48,06/12/2024 01:13,02:51,10650.432,10650.492,10650.551,80,73,57,20,306,296,-0.3,1.2,2.6,02:26:51.06 +37:33:01.60,12.2,1,1.21987089,1.50E-07,2454163.224,0.00022,,100,100,21:21,02:15,22,98
K2-396 b,13.3,05/12/2024 23:17,06/12/2024 00:05,06/12/2024 00:53,01:36,10650.47,10650.504,10650.537,62,71,78,108,124,160,-1.9,-1.1,-0.3,04:58:46.29 +17:16:08.60,0.25,1,0.673862,1.90E-05,2457820.964,0.0016,,100,92,20:52,03:48,22,125
LHS 1478 b,13.3,05/12/2024 23:51,06/12/2024 00:16,06/12/2024 00:40,00:49,10650.494,10650.511,10650.528,42,41,41,357,355,353,0.7,1.1,1.5,02:57:21.33 +76:33:05.06,2.1,1,1.94954034,3.25E-06,2459767.373,0.001241,,100,100,22:49,01:43,22,111
HAT-P-56 b,10.9,05/12/2024 23:52,06/12/2024 01:00,06/12/2024 02:09,02:16,10650.495,10650.542,10650.589,50,65,80,81,87,96,-3.1,-1.9,-0.8,06:43:23.52 +27:15:07.86,11,1,2.790825,3.70E-07,2458459.75,0.00016,,100,100,22:52,03:09,22,149
K2-122 b,13.1,06/12/2024 00:24,06/12/2024 01:01,06/12/2024 01:38,01:14,10650.517,10650.543,10650.568,32,40,49,83,87,91,-4.2,-3.6,-3,08:25:54.29 +20:21:33.62,0.43,1,2.2193023,2.00E-06,2457141.83,0.000642,,100,58,00:13,02:43,22,173
TOI-3714 b,15.7,06/12/2024 01:01,06/12/2024 01:50,06/12/2024 02:38,01:38,10650.542,10650.576,10650.61,79,74,65,349,315,303,0.2,1,1.8,04:38:12.56 +39:27:28.81,49.6,1,2.15484802,7.50E-07,2459687.365,7.50E-05,,100,100,00:00,03:39,23,122
TOI-5388.01,12.7,06/12/2024 02:15,06/12/2024 02:24,06/12/2024 02:34,00:19,10650.594,10650.6,10650.607,38,40,42,66,66,67,-4.1,-3.9,-3.8,10:08:42.36 +35:32:51.21,1.1,1,2.594675,9.20E-06,2459630.896,0.001503,,100,82,01:32,03:39,23,159
TOI-2445 b,15.7,06/12/2024 02:12,06/12/2024 02:27,06/12/2024 02:42,00:29,10650.592,10650.602,10650.612,37,34,31,246,249,251,3.1,3.4,3.6,02:53:15.88 +00:03:08.41,2.3,1,0.3711281,5.00E-07,2459144.57,0.0004,,100,53,01:09,02:46,23,88
CoRoT-7 b,11.7,06/12/2024 02:36,06/12/2024 03:08,06/12/2024 03:40,01:04,10650.608,10650.63,10650.652,60,60,58,170,186,202,-0.3,0.2,0.7,06:43:49.48 -01:03:46.83,0.35,1,0.85359165,5.00E-08,2454398.077,0.0008,,100,100,01:35,04:41,23,140
TOI-532 b,14.4,06/12/2024 02:32,06/12/2024 03:25,06/12/2024 04:17,01:45,10650.606,10650.642,10650.679,70,62,52,211,237,251,0.7,1.6,2.4,05:40:19.21 +11:33:45.49,8.6,1,2.3266508,3.00E-06,2458470.577,0.000902,,100,100,01:28,05:22,23,131
K2-321 b,13.7,06/12/2024 03:41,06/12/2024 04:12,06/12/2024 04:43,01:02,10650.654,10650.675,10650.697,41,47,52,114,121,129,-2.9,-2.4,-1.9,10:25:37.32 +02:30:49.98,1,1,2.29801434,1.27E-05,2458518.119,0.001422,,100,83,02:50,06:00,24,153
K2-270 b,13.8,06/12/2024 03:26,06/12/2024 04:16,06/12/2024 05:05,01:38,10650.643,10650.677,10650.712,64,72,75,122,146,188,-1.5,-0.7,0.1,08:45:03.97 +13:32:59.04,0.29,1,1.543452,0.000091,2457140.872,0.0027,,100,38,00:45,06:56,24,171
WASP-104 b,11.8,06/12/2024 03:29,06/12/2024 04:21,06/12/2024 05:14,01:46,10650.645,10650.682,10650.718,37,48,58,104,113,128,-3.4,-2.5,-1.7,10:42:24.57 +07:26:06.28,14.7,1,1.75540569,1.10E-07,2457805.17,3.70E-05,,100,78,02:55,06:14,24,153
TOI-5720 b,13.8,06/12/2024 03:54,06/12/2024 04:24,06/12/2024 04:55,01:01,10650.662,10650.684,10650.705,42,48,55,81,84,86,-3.6,-3.1,-2.6,11:21:15.26 +25:16:23.86,0.72,1,1.4344555,3.60E-06,2460076.903,0.00067,,100,93,03:00,05:57,24,149
TOI-1807 b,10,06/12/2024 05:16,06/12/2024 05:46,06/12/2024 06:15,00:59,10650.72,10650.74,10650.76,36,42,48,61,62,63,-4.3,-3.8,-3.3,13:25:07.83 +38:55:20.52,0.37,1,0.54937097,7.20E-07,2458899.345,0.00038,,100,58,04:43,06:56,25,123
K2-401 b,14,06/12/2024 04:52,06/12/2024 05:49,06/12/2024 06:46,01:54,10650.703,10650.743,10650.782,56,63,65,132,157,189,-1.6,-0.7,0.3,10:19:57.02 +03:57:17.38,0.94,1,6.293099,0.000707,2457906.953,0.006666,,100,14,02:41,06:56,25,156
K2-131 b,12.1,06/12/2024 05:24,06/12/2024 05:54,06/12/2024 06:24,01:00,10650.725,10650.746,10650.767,32,37,42,125,132,139,-3,-2.5,-2,12:11:00.34 -09:45:54.86,0.76,1,0.36930572,7.68E-06,2459280.989,0.000638,,100,22,05:12,06:56,25,126
K2-137 b,15.9,06/12/2024 05:57,06/12/2024 06:16,06/12/2024 06:34,00:38,10650.748,10650.761,10650.774,38,41,44,126,130,135,-2.7,-2.4,-2.1,12:27:28.90 -06:11:42.78,0.4,1,0.179715,1.00E-06,2457583.024,0.0004,,100,37,05:16,06:56,25,125
TOI-561 b,10.3,06/12/2024 05:45,06/12/2024 06:18,06/12/2024 06:50,01:05,10650.74,10650.762,10650.785,67,67,65,168,189,208,-0.3,0.2,0.8,09:52:44.44 +06:12:57.97,0.29,1,0.4465713,6.00E-07,2460285.469,0.001603,,100,55,04:43,06:56,25,163
K2-238 b,14,05/12/2024 19:24,05/12/2024 21:04,05/12/2024 22:43,03:20,10650.308,10650.377,10650.447,54,46,29,180,217,241,0,1.7,3.3,23:10:49.04 -07:51:27.21,7.4,1,3.2047072,2.30E-06,2460227.357,0.00175,,99,12,19:09,22:41,21,38
TOI-4603 b,9.2,05/12/2024 21:20,05/12/2024 22:41,06/12/2024 00:03,02:44,10650.389,10650.445,10650.502,30,47,65,80,89,102,-4.5,-3.1,-1.7,05:35:27.82 +21:17:39.27,1.1,1,7.2455997,1.74E-05,2460273.681,0.00138,,99,50,21:22,01:06,21,135
K2-57 b,14.4,05/12/2024 19:04,05/12/2024 20:17,05/12/2024 21:29,02:25,10650.295,10650.345,10650.395,47,44,35,180,205,225,0,1.2,2.4,22:50:46.04 -14:04:12.00,1.3,1,9.0074,0.0011,2456984.334,0.0037,,97,2,19:09,21:57,21,31
K2-117 b,14.6,06/12/2024 05:50,06/12/2024 06:25,06/12/2024 06:59,01:09,10650.743,10650.767,10650.791,69,64,58,212,229,241,0.7,1.3,1.9,08:55:25.38 +10:28:09.18,1.5,1,1.29159723,1.33E-05,2459230.014,0.001329,,95,50,04:29,06:56,25,169
Kepler-1342 b,15.7,05/12/2024 19:16,05/12/2024 20:11,05/12/2024 21:06,01:49,10650.303,10650.341,10650.379,48,38,29,304,305,306,3.3,4.2,5.1,19:48:04.81 +43:25:57.14,0.29,1,2.21571296,7.63E-06,2454964.821,0.00298,,93,4,19:09,20:58,21,68
EPIC 201427007 b,14.3,06/12/2024 04:43,06/12/2024 05:37,06/12/2024 06:31,01:48,10650.696,10650.734,10650.771,28,39,49,108,118,131,-3.8,-2.9,-2,12:18:24.51 -00:33:04.64,0.2,1,0.72091,0.00014,2457625.794,0.0027,Duration estimated. ,93,2,04:50,06:56,25,129
Qatar-1 b,12.7,05/12/2024 20:14,05/12/2024 21:04,05/12/2024 21:53,01:40,10650.343,10650.377,10650.412,39,34,29,333,332,332,3.8,4.6,5.5,20:13:31.65 +65:09:44.39,21.4,1,1.42002429,4.00E-08,2457570.346,4.20E-05,,92,50,19:14,21:45,21,88
K2-178 b,12.4,06/12/2024 01:01,06/12/2024 02:45,06/12/2024 04:28,03:28,10650.542,10650.614,10650.686,72,49,26,255,272,282,1.3,3,4.8,03:31:33.32 +22:26:05.35,1.5,1,8.75470798,4.69E-05,2459451.225,0.002256,,92,50,23:51,04:11,23,105
TOI-5293 A b,16.2,05/12/2024 18:59,05/12/2024 19:57,05/12/2024 20:55,01:56,10650.291,10650.331,10650.372,56,59,56,154,181,208,-0.9,0,1,23:43:18.88 -02:02:42.34,50.8,1,2.930289,4.00E-06,2459448.915,0.0004,,91,50,19:09,21:58,21,48
Kepler-1532 b,15.3,05/12/2024 19:38,05/12/2024 20:21,05/12/2024 21:04,01:26,10650.318,10650.348,10650.378,44,36,28,301,302,304,3.6,4.4,5.1,19:47:36.67 +41:11:53.31,0.22,1,1.09366585,1.87E-06,2454965.472,0.00147,,89,19,19:09,20:55,21,65
K2-326 b,16,05/12/2024 22:08,05/12/2024 22:50,05/12/2024 23:32,01:25,10650.422,10650.451,10650.481,45,37,28,239,248,255,2.5,3.2,3.9,23:26:26.94 +01:20:15.33,0.92,1,1.256,0.002,2457739.045,,Duration estimated. ,89,9,19:09,23:23,21,45
K2-187 c,13.1,06/12/2024 04:49,06/12/2024 06:01,06/12/2024 07:12,02:23,10650.701,10650.75,10650.8,84,75,60,154,251,267,-0.2,1,2.2,08:50:05.65 +23:11:32.90,0.39,1,2.871512,0.00012,2457144.638,0.0027,,89,47,00:33,06:56,25,174
Kepler-1520 b,16,05/12/2024 18:57,05/12/2024 19:43,05/12/2024 20:30,01:32,10650.29,10650.322,10650.354,46,39,32,316,315,315,3.4,4.1,4.9,19:23:51.89 +51:30:17.16,4.3,1,0.65355357,1.60E-07,2454965.059,0.000202,,87,11,19:09,20:43,20,76
TrES-5 b,13.7,05/12/2024 20:27,05/12/2024 21:15,05/12/2024 22:03,01:35,10650.352,10650.385,10650.418,40,34,28,325,325,325,3.9,4.7,5.5,20:20:53.27 +59:26:56.05,21.9,1,1.48224687,9.00E-08,2457011.47,7.70E-05,,85,50,19:27,21:48,21,82
TOI-3540 A b,11.5,05/12/2024 21:08,05/12/2024 22:05,05/12/2024 23:02,01:54,10650.38,10650.42,10650.46,51,38,26,281,285,289,3,4,4.9,21:55:38.73 +28:10:46.20,0.23,1,3.119999,7.90E-06,2459109.141,0.00089,,85,50,20:02,22:45,21,53
Qatar-3 b,12.9,05/12/2024 22:21,05/12/2024 23:54,06/12/2024 01:27,03:07,10650.431,10650.496,10650.561,61,42,24,294,294,300,2.2,3.8,5.3,23:56:36.47 +36:12:46.64,7.9,1,2.50789979,7.50E-07,2457367.658,0.0001,,84,50,21:19,00:57,22,72
Kepler-76 b,13.5,05/12/2024 19:31,05/12/2024 20:14,05/12/2024 20:57,01:26,10650.313,10650.343,10650.373,44,35,27,299,300,302,3.7,4.4,5.1,19:36:46.11 +39:37:08.30,5.9,1,1.54492888,6.00E-08,2454966.549,3.10E-05,,83,18,19:09,20:42,21,64
Kepler-1200 b,16.1,05/12/2024 18:51,05/12/2024 19:37,05/12/2024 20:23,01:32,10650.285,10650.317,10650.349,53,44,36,306,305,306,2.9,3.6,4.4,19:46:24.82 +44:07:45.31,0.25,1,1.11854972,3.12E-06,2454965.847,0.00222,,80,21,19:09,20:57,20,68
TOI-1333 b,9.4,05/12/2024 19:23,05/12/2024 21:35,05/12/2024 23:48,04:25,10650.307,10650.399,10650.492,64,43,22,325,311,315,1.5,3.7,5.9,21:40:03.49 +48:24:24.36,6.7,1,4.7201912,2.30E-06,2459847.968,0.000389,,80,11,19:09,22:56,21,72
TOI-2768 b,12.7,06/12/2024 04:47,06/12/2024 05:18,06/12/2024 05:48,01:02,10650.699,10650.721,10650.742,37,33,28,217,224,231,2,2.5,3,06:37:27.39 -15:28:52.33,1.8,1,1.5080197,4.90E-06,2459225.647,0.001749,,80,50,03:40,05:36,24,128
HD 80653 b,9.5,06/12/2024 05:32,06/12/2024 06:26,06/12/2024 07:20,01:48,10650.73,10650.768,10650.805,76,71,61,179,223,246,0,0.9,1.8,09:21:21.38 +14:22:04.33,0.16,1,0.719573,2.10E-05,2458134.424,0.0007,,78,50,02:46,06:56,25,174
Kepler-763 b,16,05/12/2024 19:49,05/12/2024 20:25,05/12/2024 21:01,01:11,10650.326,10650.351,10650.376,39,33,27,309,310,311,4.1,4.7,5.3,19:28:34.69 +47:09:26.50,0.22,1,1.19655253,2.86E-06,2454965.529,0.001989,,75,25,19:09,20:43,21,72
TOI-1860 b,8.4,06/12/2024 05:38,06/12/2024 06:12,06/12/2024 06:46,01:08,10650.735,10650.758,10650.782,28,32,35,30,30,30,-5.6,-5.1,-4.5,15:05:49.62 +64:02:51.66,0.15,1,1.0662082,1.80E-06,2460367.148,0.001745,,73,8,05:56,06:56,25,109
EPIC 206042996 c,16.6,05/12/2024 18:51,05/12/2024 19:23,05/12/2024 19:55,01:04,10650.285,10650.308,10650.33,48,47,44,183,194,205,0.1,0.7,1.2,22:30:03.27 -13:36:36.53,0.55,1,0.354884,6.30E-05,2457007.068,0.002,,71,16,19:09,21:39,20,27
K2-229 b,11,06/12/2024 04:49,06/12/2024 05:34,06/12/2024 06:19,01:30,10650.701,10650.732,10650.763,24,33,41,113,121,131,-3.8,-3.1,-2.3,12:27:29.50 -06:43:18.65,0.16,1,0.58424,1.40E-05,2457582.886,0.001057,,68,11,05:18,06:56,25,124
KELT-4 A b,10,06/12/2024 04:35,06/12/2024 06:19,06/12/2024 08:03,03:28,10650.691,10650.763,10650.835,62,84,71,89,126,265,-2.1,-0.3,1.4,10:28:15.03 +25:34:23.29,11.9,1,2.98958682,9.90E-07,2456617.813,0.00031,,68,50,03:34,06:56,25,162
EPIC 206042996 b,16.6,05/12/2024 19:32,05/12/2024 21:06,05/12/2024 22:40,03:08,10650.314,10650.379,10650.444,46,35,19,197,224,242,0.8,2.4,4,22:30:03.27 -13:36:36.53,2,1,5.2986,0.0006,2456989.046,0.0053,,67,2,19:09,21:39,21,26
TOI-1444 b,10.9,05/12/2024 18:43,05/12/2024 19:22,05/12/2024 20:00,01:17,10650.28,10650.307,10650.333,44,42,39,346,343,341,2.2,2.8,3.5,20:21:53.98 +70:56:37.34,0.21,1,0.4702743,1.10E-06,2458711.368,0.0011,,66,50,19:09,21:07,20,94
K2-64 b,14.1,05/12/2024 18:00,05/12/2024 19:38,05/12/2024 21:16,03:16,10650.25,10650.318,10650.386,50,46,32,171,207,233,-0.4,1.3,2.9,22:09:39.32 -11:25:43.21,0.95,1,6.53142,0.00034,2456979.659,0.002,,65,2,19:09,21:27,20,23
XO-2 N b,11.2,06/12/2024 05:12,06/12/2024 06:32,06/12/2024 07:53,02:41,10650.717,10650.772,10650.828,65,54,42,332,317,313,1.2,2.5,3.9,07:48:06.42 +50:13:30.53,13.4,1,2.61585946,5.00E-08,2458843.218,6.90E-05,,65,50,04:12,06:56,25,146
TOI-1685 b,13.4,05/12/2024 19:29,05/12/2024 19:57,05/12/2024 20:24,00:55,10650.312,10650.331,10650.35,26,31,36,53,55,56,-5.3,-4.8,-4.4,04:34:22.55 +43:02:13.34,1.3,1,0.66913924,4.20E-07,2459910.938,0.00041,,63,50,19:49,21:25,21,125
Kepler-198 d,13.7,05/12/2024 19:20,05/12/2024 20:13,05/12/2024 21:06,01:46,10650.305,10650.342,10650.379,43,33,23,298,300,303,3.7,4.6,5.5,19:22:41.55 +38:41:27.62,0.26,1,1.31184609,1.26E-06,2454966.112,0.000789,,63,8,19:09,20:27,21,64
HATS-6 b,15,06/12/2024 03:18,06/12/2024 04:19,06/12/2024 05:20,02:02,10650.637,10650.68,10650.722,39,32,23,203,218,231,1.2,2.3,3.3,05:52:35.23 -19:01:53.86,32.3,1,3.32526424,3.70E-07,2457112.604,0.00011,,62,50,02:17,04:34,24,118
Kepler-1167 b,16,05/12/2024 20:15,05/12/2024 20:59,05/12/2024 21:43,01:28,10650.344,10650.374,10650.405,39,32,24,310,311,313,4.2,4.9,5.6,19:53:12.64 +47:41:38.28,0.55,1,1.00393374,2.68E-06,2454965.097,0.00249,,61,40,19:09,21:08,21,71
Kepler-10 b,11,05/12/2024 18:24,05/12/2024 19:18,05/12/2024 20:13,01:49,10650.267,10650.304,10650.342,49,40,31,315,313,314,3.2,4.1,5,19:02:43.03 +50:14:29.34,0.19,1,0.83749149,1.80E-07,2454964.574,0.000168,,58,7,19:09,20:21,20,77
Kepler-851 b,15.2,05/12/2024 17:54,05/12/2024 19:23,05/12/2024 20:51,02:56,10650.246,10650.307,10650.369,59,45,31,320,312,313,2.1,3.5,5,19:38:43.25 +49:08:24.40,0.3,1,8.50698069,3.61E-05,2454967.644,0.00354,,58,2,19:09,20:55,20,74
HATS-4 b,13.5,05/12/2024 23:11,06/12/2024 00:27,06/12/2024 01:43,02:32,10650.466,10650.519,10650.571,20,31,38,132,147,167,-3.3,-2,-0.8,06:16:26.90 -22:32:48.78,16.4,1,2.51672626,3.70E-07,2458468.521,0.00025,,55,50,00:19,02:43,22,121
HD 63433 b,6.9,06/12/2024 05:22,06/12/2024 06:49,06/12/2024 08:17,02:56,10650.723,10650.784,10650.845,72,53,34,270,278,285,1.3,2.8,4.3,07:49:55.05 +27:21:47.28,0.5,1,7.1079379,5.40E-06,2458916.453,0.00065,,54,50,04:19,06:56,25,160
TOI-1798.01,11.4,06/12/2024 03:44,06/12/2024 05:18,06/12/2024 06:52,03:08,10650.656,10650.721,10650.786,15,31,47,45,51,51,-6.5,-4.9,-3.4,14:04:22.54 +46:31:09.42,0.87,1,8.02154,2.80E-05,2458741.594,0.0022,,53,3,05:13,06:56,25,116
EPIC 220492298 b,14,06/12/2024 00:20,06/12/2024 01:14,06/12/2024 02:09,01:49,10650.514,10650.552,10650.589,42,30,18,252,260,268,3,3.9,4.8,01:07:02.76 +06:35:19.67,0.1,1,0.762406,0.00015,2457431.677,0.0037,Duration estimated. ,52,25,19:09,01:16,22,67
TOI-1235 b,11.5,06/12/2024 00:02,06/12/2024 00:59,06/12/2024 01:56,01:55,10650.501,10650.541,10650.581,25,30,35,23,24,23,-6.3,-5.4,-4.4,10:08:52.38 +69:16:35.83,0.8,1,3.4447015,7.10E-06,2460333.631,0.001749,,50,50,00:58,02:59,22,131
K2-248 b,13.5,06/12/2024 05:32,06/12/2024 06:56,06/12/2024 08:20,02:48,10650.73,10650.789,10650.847,34,46,52,127,148,179,-2.8,-1.4,0,12:11:16.16 -09:24:51.01,0.7,1,7.17256,0.00148,2457588.104,0.0078,,50,1,05:11,06:56,25,127
Kepler-173 b,14.4,05/12/2024 17:59,05/12/2024 19:08,05/12/2024 20:17,02:17,10650.249,10650.297,10650.345,61,48,36,306,302,303,2.1,3.3,4.4,19:38:35.19 +41:53:02.74,0.18,1,4.26374847,1.37E-05,2454966.72,0.00234,,49,18,19:09,20:47,20,67
HATS-16 b,14,05/12/2024 19:45,05/12/2024 21:02,05/12/2024 22:18,02:33,10650.323,10650.376,10650.429,31,30,23,175,194,211,-0.4,0.9,2.2,23:54:14.12 -30:00:46.94,12.3,1,2.68650415,5.30E-06,2459089.518,0.001788,,49,25,19:13,21:00,21,42
Kepler-1932 b,15.3,05/12/2024 19:44,05/12/2024 20:10,05/12/2024 20:36,00:52,10650.322,10650.341,10650.359,34,30,25,302,303,305,4.5,5,5.4,19:01:19.56 +41:03:49.84,0.24,1,0.52417609,7.20E-07,2454964.601,0.00115,,47,25,19:09,20:09,21,68
Kepler-55 d,15.7,05/12/2024 19:26,05/12/2024 20:15,05/12/2024 21:05,01:39,10650.309,10650.344,10650.378,38,29,21,305,307,310,4.2,5,5.9,19:00:40.40 +44:01:35.36,0.72,1,2.21111699,2.69E-06,2455003.15,0.000969,,46,12,19:09,20:12,21,71
Kepler-1317 b,15.1,05/12/2024 20:02,05/12/2024 20:39,05/12/2024 21:15,01:13,10650.335,10650.36,10650.386,36,29,23,303,305,307,4.4,5,5.6,19:26:26.85 +42:06:57.52,0.38,1,0.56887195,5.30E-07,2454965.053,0.00074,,45,39,19:09,20:35,21,67
TOI-4527.01,10.9,06/12/2024 01:03,06/12/2024 01:27,06/12/2024 01:51,00:48,10650.544,10650.56,10650.577,35,29,24,256,259,263,3.6,4,4.4,01:17:53.34 +05:28:16.32,0.33,1,0.3994445,1.34E-05,2459474.2,0.001356,,45,50,23:06,01:24,23,69
K2-329 b,12.7,05/12/2024 17:08,05/12/2024 18:56,05/12/2024 20:45,03:37,10650.214,10650.289,10650.365,41,55,52,127,162,209,-2.5,-0.7,1.1,23:24:32.49 -05:09:50.92,9.4,1,12.4551225,3.10E-06,2457773.157,7.50E-05,,44,50,19:09,21:46,20,43
Kepler-735 b,15.5,05/12/2024 17:51,05/12/2024 19:00,05/12/2024 20:08,02:17,10650.244,10650.291,10650.339,54,43,31,310,308,309,2.7,3.8,5,18:58:45.32 +46:10:19.70,1.4,1,11.51516739,1.27E-06,2454973.313,0.001132,,43,3,19:09,20:12,20,73
Kepler-290 d,15.8,05/12/2024 18:30,05/12/2024 19:03,05/12/2024 19:37,01:08,10650.271,10650.294,10650.318,49,43,37,303,303,304,3.2,3.8,4.3,19:05:38.41 +42:40:53.45,0.14,1,0.76402007,3.54E-06,2454965.22,0.00391,,42,19,19:09,20:15,20,69
Kepler-1852 b,15.7,05/12/2024 19:52,05/12/2024 20:31,05/12/2024 21:09,01:17,10650.328,10650.355,10650.382,35,28,21,301,303,306,4.5,5.1,5.8,19:12:07.13 +40:20:39.10,0.49,1,7.9709719,2.18E-05,2454967.051,0.00232,,34,26,19:09,20:18,21,67
Kepler-1427 b,15.6,05/12/2024 20:20,05/12/2024 21:09,05/12/2024 21:57,01:37,10650.347,10650.381,10650.415,36,27,19,307,309,312,4.5,5.3,6.1,19:41:23.92 +45:06:52.33,0.12,1,0.9689707,3.88E-06,2454965.43,0.003597,,34,38,19:09,20:54,21,69
Kepler-1814 c,15.8,05/12/2024 18:22,05/12/2024 18:57,05/12/2024 19:32,01:10,10650.265,10650.29,10650.314,50,43,37,301,301,302,3.2,3.7,4.3,19:00:52.00 +41:16:56.80,0.45,1,0.62628138,9.40E-07,2454964.906,0.00137,,33,25,19:09,20:08,20,69
Kepler-27 b,15.8,05/12/2024 19:22,05/12/2024 21:15,05/12/2024 23:09,03:47,10650.307,10650.386,10650.464,44,23,4,301,306,316,3.7,5.6,7.5,19:28:56.82 +41:05:09.14,3.4,1,15.33527467,2.15E-06,2454976.333,0.001899,,33,10,19:09,20:36,21,66
HIP 29442 c,9.5,06/12/2024 04:27,06/12/2024 05:40,06/12/2024 06:52,02:26,10650.685,10650.736,10650.786,37,26,12,219,234,246,2.1,3.3,4.5,06:12:13.88 -14:38:57.54,0.21,1,3.5379559,8.20E-06,2458471.36,0.0033,,33,50,03:18,05:14,25,124
Kepler-1611 b,14.6,05/12/2024 15:38,05/12/2024 18:12,05/12/2024 20:47,05:09,10650.151,10650.258,10650.366,69,57,33,9,319,313,-0.3,2.2,4.8,19:46:02.88 +49:43:39.90,0.09,1,5.1762429,5.83E-05,2454966.744,0.0116,,32,5,19:09,21:03,20,74
HAT-P-50 b,11.7,05/12/2024 21:25,05/12/2024 23:15,06/12/2024 01:05,03:40,10650.393,10650.469,10650.545,-3,21,45,75,88,102,-6.7,-4.8,-3,07:52:15.23 +12:08:21.65,6.6,1,3.12200511,5.00E-07,2458402.63,0.00022,,32,50,23:55,02:06,22,163
K2-308 b,15.1,06/12/2024 04:43,06/12/2024 06:15,06/12/2024 07:48,03:05,10650.696,10650.761,10650.825,43,23,3,266,277,287,3.3,4.9,6.4,05:13:21.39 +16:24:51.11,6.5,1,3.38628,2.00E-05,2457823.223,0.0006,,32,50,03:19,05:42,25,124
Kepler-1443 b,12.3,05/12/2024 19:28,05/12/2024 20:34,05/12/2024 21:39,02:11,10650.311,10650.357,10650.402,37,26,15,309,312,316,4.4,5.5,6.6,18:53:44.58 +47:04:00.47,0.05,1,2.41810661,9.80E-06,2454965.387,0.003428,,31,10,19:09,20:08,21,74
Kepler-566 b,15.2,05/12/2024 19:44,05/12/2024 21:16,05/12/2024 22:47,03:02,10650.323,10650.386,10650.449,40,24,10,310,313,319,4.1,5.6,7.2,19:26:13.07 +47:48:51.97,0.74,1,18.42792967,2.30E-06,2454974.583,0.002109,,31,28,19:09,20:41,21,73
Kepler-1432 b,15.6,05/12/2024 19:26,05/12/2024 21:58,06/12/2024 00:29,05:03,10650.31,10650.415,10650.52,45,21,1,313,316,330,3.5,6.1,8.6,19:42:05.78 +49:49:46.28,0.34,1,23.9109011,0.0002703,2454983.532,0.0101,,31,6,19:09,21:00,21,74
Kepler-159 c,15.4,05/12/2024 15:33,05/12/2024 18:07,05/12/2024 20:41,05:07,10650.148,10650.255,10650.361,77,62,33,23,304,302,-0.5,2.1,4.7,19:48:16.85 +40:52:07.44,2.3,1,43.58642609,7.38E-05,2455027.605,0.00132,,30,10,19:09,20:55,20,65
Kepler-1409 b,15.4,05/12/2024 20:18,05/12/2024 20:54,05/12/2024 21:29,01:11,10650.346,10650.371,10650.395,33,28,22,315,316,317,4.8,5.4,6,19:20:20.34 +51:12:31.01,0.16,1,0.76486467,1.49E-06,2454965.131,0.001629,,30,45,19:09,20:39,21,76
K2-210 b,11.5,06/12/2024 00:52,06/12/2024 01:19,06/12/2024 01:46,00:55,10650.536,10650.555,10650.574,33,28,22,251,256,260,3.5,3.9,4.4,01:10:33.90 +01:34:42.29,0.08,1,0.570233,2.80E-05,2457393.958,0.002106,Duration estimated. ,29,50,20:01,01:07,22,66
K2-141 b,11.5,05/12/2024 22:59,05/12/2024 23:25,05/12/2024 23:51,00:52,10650.457,10650.476,10650.494,33,28,22,248,252,256,3.4,3.8,4.3,23:23:40.09 -01:11:21.06,0.51,1,0.2803246,1.00E-07,2460232.513,0.000596,,28,50,21:58,23:14,22,42
K2-165 b,11.3,06/12/2024 03:31,06/12/2024 04:24,06/12/2024 05:17,01:46,10650.647,10650.683,10650.72,14,25,36,97,104,112,-5,-4.1,-3.2,12:19:36.12 +00:58:05.98,0.21,1,2.354992,0.000261,2457584.483,0.004685,Duration estimated. ,28,9,04:47,06:56,24,129
HATS-2 b,13.6,06/12/2024 04:20,06/12/2024 05:22,06/12/2024 06:24,02:04,10650.68,10650.724,10650.767,16,26,34,128,140,154,-3.6,-2.6,-1.6,11:46:57.32 -22:33:46.83,20,1,1.35413379,8.00E-08,2458591.085,9.60E-05,,28,27,05:50,06:56,25,122
Kepler-292 c,16.3,05/12/2024 17:19,05/12/2024 18:35,05/12/2024 19:50,02:31,10650.222,10650.274,10650.327,68,55,41,315,304,303,1.4,2.7,3.9,19:43:03.89 +42:25:27.42,0.39,1,3.71545391,1.93E-05,2455002.784,0.00427,,27,30,19:09,20:52,20,67
Kepler-1368 b,15.9,05/12/2024 17:48,05/12/2024 18:43,05/12/2024 19:38,01:50,10650.242,10650.28,10650.318,63,53,43,307,302,302,1.9,2.9,3.8,19:39:04.08 +41:38:40.72,0.2,1,0.6756504,2.39E-06,2454964.681,0.00337,,26,39,19:09,20:47,20,66
WASP-12 b,11.6,05/12/2024 19:49,05/12/2024 21:20,05/12/2024 22:51,03:02,10650.326,10650.389,10650.452,3,21,40,58,67,74,-6.9,-5.4,-3.9,06:30:32.79 +29:40:20.16,17.1,1,1.09141918,4.00E-08,2457036.706,5.50E-05,,26,50,22:03,23:52,21,149
Kepler-534 c,13.4,05/12/2024 20:07,05/12/2024 21:53,05/12/2024 23:39,03:32,10650.338,10650.412,10650.485,39,22,7,312,316,324,4.2,5.9,7.7,19:45:40.46 +49:32:24.53,0.13,1,7.37868381,7.99E-06,2454968.825,0.007136,,26,39,19:09,21:03,21,73
WASP-156 b,11.6,06/12/2024 01:33,06/12/2024 02:45,06/12/2024 03:57,02:24,10650.565,10650.615,10650.665,38,22,7,249,260,269,3.2,4.4,5.6,02:11:07.70 +02:25:05.50,5.3,1,3.83616488,9.70E-07,2459058.611,0.00014,,25,50,00:33,02:10,23,79
Kepler-1998 b,12.7,05/12/2024 17:48,05/12/2024 18:41,05/12/2024 19:34,01:46,10650.242,10650.279,10650.315,53,45,36,312,310,310,2.7,3.6,4.5,18:53:43.00 +47:35:32.63,0.04,1,3.03266154,1.32E-05,2454967.07,0.0036,,24,18,19:09,20:09,20,75
Kepler-1430 b,15.6,05/12/2024 20:03,05/12/2024 20:59,05/12/2024 21:54,01:52,10650.335,10650.374,10650.413,35,25,15,305,308,312,4.5,5.5,6.4,19:18:47.41 +43:22:19.05,0.28,1,2.46050095,1.17E-05,2454966.616,0.00404,,23,27,19:09,20:29,21,69
K2-333 b,12.1,06/12/2024 05:49,06/12/2024 08:18,06/12/2024 10:46,04:58,10650.742,10650.846,10650.949,75,46,14,209,262,280,0.5,3,5.5,09:07:09.43 +15:12:20.44,2.2,1,14.759859,3.00E-05,2458525.43,0.0012,,23,50,04:42,06:56,26,175
K2-372 b,13.6,06/12/2024 06:11,06/12/2024 08:02,06/12/2024 09:53,03:42,10650.758,10650.835,10650.912,66,43,19,233,260,275,1.3,3.1,5,08:43:11.73 +13:00:33.92,1.1,1,9.84413,0.00039,2457146.329,0.0014,,20,50,01:52,06:56,26,169
WASP-78 b,12,05/12/2024 18:09,05/12/2024 20:38,05/12/2024 23:07,04:58,10650.256,10650.36,10650.463,-14,15,36,108,126,157,-6.3,-3.8,-1.3,04:15:01.50 -22:06:59.00,6.5,1,2.175185,2.70E-07,2457966.186,0.00017,,18,50,22:14,00:08,21,100
Kepler-981 b,14.9,05/12/2024 20:10,05/12/2024 21:13,05/12/2024 22:16,02:06,10650.34,10650.384,10650.428,34,23,14,310,313,317,4.7,5.7,6.8,19:16:59.74 +47:39:00.41,0.58,1,4.46976519,1.57E-06,2454964.842,0.001387,,18,48,19:09,20:32,21,73
Kepler-288 c,15.3,05/12/2024 19:34,05/12/2024 21:45,05/12/2024 23:56,04:22,10650.315,10650.406,10650.497,39,15,-6,299,307,322,4.1,6.3,8.5,19:15:39.94 +39:35:41.11,0.75,1,19.30572737,4.69E-06,2455186.884,0.004635,,18,18,19:09,20:21,21,66
Kepler-226 d,15.6,05/12/2024 16:06,05/12/2024 17:54,05/12/2024 19:42,03:36,10650.171,10650.246,10650.321,70,58,40,348,316,310,0.4,2.2,4,19:29:30.26 +47:52:51.45,0.22,1,8.10904807,6.79E-05,2454965.803,0.00716,,15,24,19:09,20:45,20,73
K2-104 b,16,05/12/2024 23:06,05/12/2024 23:53,06/12/2024 00:40,01:35,10650.462,10650.495,10650.528,12,23,33,74,79,84,-5.7,-5,-4.2,08:38:32.80 +19:46:25.39,1.7,1,1.9741954,2.40E-06,2457140.38,0.000997,,14,50,00:27,01:47,22,176
WASP-79 b,10,06/12/2024 00:44,06/12/2024 02:37,06/12/2024 04:30,03:46,10650.53,10650.609,10650.688,31,24,9,182,208,228,0.1,2,3.9,04:25:29.02 -30:36:01.57,12.3,1,3.66239163,3.90E-07,2458588.687,5.90E-05,,14,38,23:59,01:15,23,96
Kepler-107 e,12.5,05/12/2024 13:28,05/12/2024 16:45,05/12/2024 20:01,06:32,10650.061,10650.198,10650.334,55,69,40,46,339,311,-2.5,0.7,4,19:48:06.76 +48:12:30.97,0.43,1,14.7491425,2.04E-06,2454957.028,0.001675,,13,50,19:09,21:03,20,73
Kepler-220 c,13,05/12/2024 20:26,05/12/2024 21:20,05/12/2024 22:14,01:48,10650.351,10650.389,10650.426,32,23,15,310,312,316,4.8,5.7,6.6,19:26:01.45 +46:53:44.25,0.57,1,9.03419765,6.50E-07,2454967.878,0.000564,,13,50,19:25,20:40,21,72
Kepler-904 b,14.6,05/12/2024 16:40,05/12/2024 18:05,05/12/2024 19:30,02:50,10650.195,10650.254,10650.313,71,56,40,313,301,300,1.2,2.6,4,19:15:17.50 +40:23:20.44,0.17,1,3.02168007,8.51E-06,2454966.472,0.00247,,12,31,19:09,20:22,20,67
WASP-3 b,10.6,05/12/2024 16:41,05/12/2024 18:04,05/12/2024 19:28,02:47,10650.195,10650.253,10650.311,65,48,31,293,293,296,1.9,3.3,4.7,18:34:31.62 +35:39:41.15,11,1,1.8468351,7.00E-08,2456598.295,7.50E-05,,11,6,19:09,19:35,20,66
EPIC 206215704 b,17.8,05/12/2024 18:15,05/12/2024 18:45,05/12/2024 19:14,00:59,10650.261,10650.281,10650.302,52,52,51,173,185,196,-0.3,0.2,0.7,22:20:22.79 -09:30:34.96,2.7,1,2.255436,9.10E-05,2457010.007,0.0018,,9,28,19:09,21:45,20,27
Kepler-1555 b,15.4,05/12/2024 20:06,05/12/2024 22:19,06/12/2024 00:32,04:26,10650.337,10650.43,10650.522,33,11,-6,308,316,332,4.7,7,9.2,19:10:32.51 +45:42:57.72,0.21,1,8.10488985,7.45E-05,2454968.901,0.005363,,7,21,19:09,20:23,21,72
Kepler-84 d,14.9,05/12/2024 20:47,05/12/2024 22:21,05/12/2024 23:55,03:08,10650.366,10650.431,10650.496,32,15,0,302,308,318,4.7,6.3,7.8,19:53:00.48 +40:29:45.90,0.16,1,4.22453631,2.22E-05,2454968.429,0.00388,,7,47,19:09,20:59,21,64
HD 63935 b,8.6,05/12/2024 20:54,05/12/2024 22:35,06/12/2024 00:15,03:20,10650.371,10650.441,10650.51,-10,11,33,73,85,98,-7.2,-5.5,-3.8,07:51:41.91 +09:23:06.87,0.88,1,9.0588209,1.17E-05,2460269.975,0.001202,,7,50,00:00,01:17,21,161
K2-188 b,12.7,06/12/2024 06:47,06/12/2024 08:01,06/12/2024 09:15,02:28,10650.782,10650.834,10650.885,63,47,31,265,274,281,1.9,3.2,4.4,08:39:15.29 +23:21:26.77,0.11,1,1.742983,0.00026,2457142.213,0.00496,Duration estimated. ,6,24,00:22,06:56,26,171
Kepler-116 c,13.7,05/12/2024 20:38,05/12/2024 22:20,06/12/2024 00:02,03:24,10650.36,10650.431,10650.502,32,14,-1,306,312,323,4.8,6.5,8.2,19:38:58.09 +43:32:12.42,0.25,1,13.07139534,4.87E-06,2454977.445,0.004309,,5,50,19:31,20:49,21,68
Kepler-49 d,15.7,05/12/2024 20:32,05/12/2024 21:29,05/12/2024 22:26,01:55,10650.355,10650.395,10650.435,31,20,10,303,306,311,4.8,5.8,6.8,19:29:10.68 +40:35:30.52,0.86,1,2.57657133,1.45E-06,2454966.478,0.001307,,3,50,19:27,20:36,21,66
HATS-18 b,14.2,06/12/2024 04:50,06/12/2024 05:49,06/12/2024 06:47,01:56,10650.702,10650.742,10650.782,18,25,30,140,152,165,-2.9,-2,-1,11:35:49.78 -29:09:21.83,21.4,1,0.8378434,1.60E-07,2458217.644,0.00016,,3,8,06:43,06:56,25,119
Kepler-624 b,13.6,05/12/2024 14:58,05/12/2024 17:05,05/12/2024 19:12,04:14,10650.123,10650.212,10650.3,74,72,48,43,311,298,-0.9,1.2,3.3,19:40:46.41 +39:32:22.90,0.41,1,14.58654324,2.76E-06,2454961.459,0.002424,,1,50,19:09,20:15,20,65
Wolf 327 b,13,06/12/2024 00:24,06/12/2024 00:51,06/12/2024 01:18,00:54,10650.517,10650.535,10650.554,20,25,30,60,62,63,-5.7,-5.2,-4.8,09:53:30.80 +35:34:13.97,0.82,1,0.5734745,3.00E-07,2459252.981,0.0003,,1,50,01:17,02:19,22,161
